"","V1"
"378085",6
"377919",4
"379970",1
"355813",4
"369135",3
"360491",6
"379321",1
"374086",1
"378658",6
"374896",4
"380938",1
"321570",5
"379488",1
"362558",5
"372942",6
"286700",4
"375500",4
"379658",2
"268803",6
"373619",3
"347604",3
"361720",5
"376487",3
"361694",6
"366759",1
"373805",4
"372601",2
"376974",5
"375138",3
"289955",6
"354235",5
"362723",1
"273270",1
"381151",1
"379977",5
"381729",6
"375950",1
"380015",1
"382391",3
"372489",5
"372605",3
"379836",5
"377912",2
"382905",6
"378818",6
"374061",6
"249126",6
"359133",5
"251630",1
"375711",3
"375612",5
"374527",3
"375541",6
"381785",6
"376721",3
"367200",3
"367521",3
"287179",6
"379283",4
"354129",5
"348006",5
"381041",1
"373260",3
"369493",3
"379331",4
"379739",5
"369825",3
"374390",2
"376548",3
"374909",6
"377104",2
"377295",3
"378003",3
"376170",3
"378742",5
"374134",3
"376254",1
"379459",4
"367644",2
"365676",1
"359967",2
"377284",3
"347288",3
"311540",3
"340952",4
"293697",3
"355649",1
"381342",3
"285539",6
"300114",4
"377439",2
"229124",1
"369811",3
"375272",3
"379463",6
"375179",6
"371837",1
"379619",6
"378766",2
"382772",5
"380626",1
"369244",3
"357402",5
"374888",1
"382524",1
"382524",1
"355649",1
"374892",3
"381387",3
"380940",1
"376573",5
"361740",1
"307835",5
"278130",1
"382930",3
"365456",3
"272598",4
"366581",4
"351824",1
"367353",3
"382930",3
"371624",5
"379019",6
"360467",5
"357592",5
"378118",4
"378611",5
"347946",3
"369244",3
"340693",3
"375148",4
"381867",1
"382002",3
"381826",5
"380167",5
"373200",1
"381612",4
"376119",4
"348851",2
"291742",3
"181479",1
"343118",3
"379730",2
"379942",4
"365040",3
"356703",1
"376260",1
"374954",3
"372645",6
"289955",6
"371651",3
"375729",2
"354588",1
"381620",1
"369040",5
"375127",3
"381805",3
"368779",3
"248031",2
"349573",1
"348287",3
"377502",1
"379720",6
"379720",6
"380672",4
"381040",3
"301985",3
"372942",6
"369916",4
"349350",3
"365733",5
"373084",6
"379750",4
"362165",3
"349350",3
"378822",3
"378035",4
"360491",6
"380671",6
"368547",4
"378897",3
"347360",4
"378776",4
"373185",1
"368853",5
"346093",5
"378939",3
"378398",3
"382030",3
"339880",5
"380001",3
"374844",6
"374061",6
"368412",3
"266574",6
"366818",6
"369277",2
"242851",2
"276982",6
"356074",6
"354199",2
"379094",2
"368341",2
"359963",3
"346229",5
"348351",3
"381854",6
"237576",5
"367437",3
"289615",2
"378524",3
"348903",6
"382032",3
"376325",3
"243200",3
"359186",2
"373283",1
"359186",2
"375802",1
"167179",2
"374062",5
"360868",2
"375109",6
"381353",5
"329960",6
"319834",1
"363983",2
"343404",5
"377904",2
"347589",3
"378034",2
"376379",3
"340363",4
"371541",2
"332695",4
"347980",6
"277372",6
"284917",6
"272382",6
"378845",3
"373283",1
"310024",6
"379995",4
"382885",3
"382032",3
"375363",4
"369699",1
"380390",1
"377662",1
"285409",6
"373111",4
"378279",1
"341444",3
"376740",1
"381288",1
"289615",5
"379094",2
"349425",1
"366445",6
"356078",6
"380619",4
"356713",6
"378404",2
"376173",2
"373568",5
"376983",5
"365004",6
"355730",3
"379605",6
"373709",6
"369158",6
"354588",1
"376577",5
"379964",3
"348271",3
"376740",1
"382642",3
"374999",2
"329962",5
"368981",1
"368253",6
"370128",2
"375681",1
"379931",3
"345691",4
"376323",2
"382439",5
"352276",4
"376848",3
"242091",4
"371801",2
"371788",3
"349254",4
"348462",3
"350318",5
"369443",3
"276840",6
"376287",5
"296627",3
"375290",5
"379259",6
"374987",6
"376845",1
"379041",6
"358949",2
"377693",1
"254599",6
"369278",4
"376196",3
"374422",5
"373151",3
"364642",5
"381078",4
"381271",6
"376544",1
"360586",1
"375332",5
"375604",5
"372823",3
"381693",3
"379977",5
"379836",2
"369331",2
"377415",6
"347050",6
"373516",6
"374424",4
"237576",5
"382301",4
"367720",5
"368385",2
"368979",6
"378703",2
"354235",5
"376682",2
"352455",6
"245324",3
"376845",1
"376819",3
"376881",2
"378521",4
"379613",6
"288227",6
"374710",2
"367046",6
"348851",5
"358147",6
"319959",3
"369705",1
"321570",5
"376211",5
"329763",4
"377796",1
"382407",3
"374863",2
"374792",2
"375457",6
"377244",4
"379593",5
"372246",1
"380007",4
"377724",1
"380063",3
"343118",3
"226044",3
"382830",4
"362120",5
"379558",4
"378814",2
"374843",4
"352312",3
"376566",3
"380794",2
"381979",5
"374562",2
"301758",6
"363123",3
"374102",1
"377950",1
"369867",5
"378326",6
"378682",3
"378850",2
"312335",2
"374579",3
"360639",6
"376023",1
"368796",3
"369014",4
"369014",4
"381906",1
"374909",6
"261127",6
"368412",3
"365106",3
"379378",4
"380356",3
"368981",3
"377486",6
"287861",6
"376658",4
"285250",1
"380554",1
"376905",1
"382036",3
"375635",2
"352367",1
"356566",6
"380167",5
"368322",3
"374601",3
"371811",4
"378070",3
"367512",3
"378902",2
"382935",3
"381270",6
"376038",3
"375882",3
"378646",5
"272406",6
"380956",3
"380188",4
"374023",3
"369153",2
"317673",6
"337177",6
"379787",1
"373121",6
"187049",6
"367785",4
"374493",3
"379885",5
"364093",5
"381464",5
"379497",3
"382585",3
"382585",3
"380188",4
"371999",5
"374984",6
"167179",2
"276648",3
"364404",3
"364873",4
"293033",3
"378524",4
"380554",3
"381830",1
"319530",6
"371624",5
"341907",3
"340691",3
"374494",4
"368980",4
"381387",3
"381527",3
"380629",6
"374650",4
"284794",6
"374011",5
"373343",6
"374018",3
"373354",6
"380482",3
"371851",2
"349621",5
"287484",5
"381406",3
"377584",1
"379728",6
"358949",2
"355402",3
"381697",6
"381697",4
"375575",1
"373923",5
"377718",3
"182479",4
"307835",5
"381735",4
"377920",2
"349681",6
"380537",4
"318276",4
"380025",5
"239204",5
"357984",2
"377102",3
"352087",4
"369939",6
"284917",6
"376049",1
"360484",5
"380986",1
"375256",2
"376494",3
"378776",4
"209609",3
"377486",6
"374978",3
"382741",6
"230974",4
"373189",1
"287861",6
"378172",1
"254594",6
"291746",3
"283480",3
"355372",6
"375534",4
"376977",5
"369153",2
"377662",4
"307249",3
"268037",6
"356566",6
"362555",2
"374424",4
"380515",1
"315940",1
"381225",5
"348868",1
"366344",6
"231945",3
"380672",4
"356491",5
"372578",4
"354439",6
"372677",4
"378759",6
"372746",6
"380898",5
"374390",2
"377792",6
"348919",6
"309432",3
"376914",4
"276629",2
"372742",4
"362425",1
"380602",5
"360175",1
"346793",3
"381529",4
"374020",4
"374715",2
"378687",3
"376563",6
"382830",4
"375444",4
"380629",3
"281906",3
"325016",6
"365361",3
"368787",1
"366589",2
"378850",2
"381148",4
"377316",1
"381645",3
"364437",1
"375882",3
"382151",1
"377729",4
"377769",3
"373353",2
"375705",5
"382352",3
"369946",3
"378529",3
"369468",1
"360614",1
"366048",2
"369196",5
"347578",1
"382121",3
"362723",5
"348500",6
"348422",5
"361247",4
"376610",6
"347591",1
"361159",5
"347976",6
"366344",6
"279155",5
"243565",6
"243565",6
"350290",2
"373833",3
"377422",5
"377697",2
"374601",3
"381134",5
"378035",4
"197355",6
"292093",5
"376558",2
"369817",5
"361247",4
"372838",5
"380049",5
"346006",4
"374842",1
"382532",1
"368851",1
"369739",3
"381752",6
"381570",3
"369486",5
"374423",6
"378759",6
"365876",3
"372690",4
"376819",3
"382728",3
"361159",5
"377309",1
"346061",1
"354199",2
"378758",2
"376287",5
"360175",1
"369526",5
"372887",3
"368853",5
"363094",4
"378042",6
"358783",6
"307215",2
"368639",1
"375892",5
"376652",5
"381233",4
"374810",3
"380596",1
"373381",6
"313904",4
"381460",3
"375795",1
"381445",4
"378172",1
"381323",3
"321102",6
"372196",3
"361160",3
"377361",3
"380616",1
"373214",6
"356797",5
"379021",6
"347653",5
"378708",3
"283097",1
"359667",2
"282746",3
"365689",4
"366536",2
"378936",1
"377295",3
"380653",1
"378714",6
"378055",3
"355332",3
"369705",6
"376457",6
"290855",6
"368341",2
"316018",1
"288425",3
"382167",1
"375582",3
"373617",4
"381507",5
"316133",6
"378192",5
"382321",3
"367259",4
"381693",3
"379869",4
"376115",3
"373549",2
"377620",6
"382902",6
"361885",6
"377832",4
"250368",3
"379052",4
"379254",4
"364971",3
"369115",1
"380632",6
"315978",6
"376717",2
"376980",5
"376450",1
"377452",1
"269889",4
"292091",3
"358130",1
"369429",4
"361653",2
"379258",6
"336035",5
"355516",6
"369524",5
"199170",6
"375690",3
"374974",4
"375455",5
"231945",5
"382778",3
"378529",3
"379797",6
"380948",4
"347814",1
"357431",6
"268803",6
"369543",1
"378716",4
"376323",2
"381908",5
"380356",3
"355402",3
"376684",5
"380235",5
"380385",1
"329895",5
"382856",5
"381697",6
"380191",1
"378520",6
"379312",3
"381323",3
"355186",2
"379686",6
"381661",2
"339370",4
"377584",1
"239052",3
"343462",1
"347483",6
"378606",2
"382785",1
"379742",1
"315419",3
"311540",3
"347483",6
"380669",4
"370099",1
"349011",1
"348287",3
"382568",1
"382568",1
"373336",6
"319385",3
"367826",6
"381014",4
"361257",1
"374789",6
"377290",3
"377968",2
"378376",1
"376063",1
"341900",3
"379723",3
"382719",5
"371563",3
"379052",4
"373641",2
"371850",2
"356840",1
"376977",5
"282865",3
"372297",1
"373941",3
"347989",6
"379551",4
"329895",5
"380049",5
"352312",4
"381202",5
"378669",6
"382281",3
"379115",6
"378907",4
"356978",3
"367185",3
"382192",3
"381694",6
"381830",1
"316499",6
"377940",2
"373805",4
"382178",1
"239048",4
"378806",1
"251310",4
"371999",1
"379619",6
"242851",2
"373513",3
"340952",4
"380819",6
"378542",3
"373560",2
"374348",6
"382634",1
"371851",2
"221045",2
"376355",3
"344045",3
"369202",6
"369525",5
"358798",6
"372545",3
"367353",3
"235793",3
"358801",6
"378070",3
"374872",2
"382321",3
"355642",3
"382705",3
"337088",6
"380983",5
"278855",2
"380460",4
"345855",5
"355382",3
"376682",2
"375444",4
"374881",4
"243586",6
"274055",6
"382700",3
"374742",1
"316018",6
"333966",4
"378813",1
"381752",6
"377032",6
"336286",4
"376619",3
"362598",1
"378963",4
"348621",1
"382028",1
"374807",1
"380498",3
"321554",5
"374445",3
"376550",5
"369811",3
"381854",6
"372489",5
"377768",2
"376426",5
"382769",3
"195805",3
"381870",4
"381639",3
"378043",6
"296173",1
"367548",6
"372811",5
"373602",3
"317152",3
"284936",6
"373151",3
"360627",3
"374999",2
"380030",1
"376239",3
"374676",5
"362156",3
"378777",6
"376962",4
"376847",6
"374248",1
"377452",1
"379311",4
"379419",4
"347059",5
"382642",3
"374244",5
"380479",4
"360889",2
"369554",3
"345812",5
"372878",3
"380537",4
"378777",6
"323132",3
"379334",3
"348910",4
"378714",6
"362794",1
"346985",1
"378278",6
"252119",6
"378897",3
"376387",3
"375141",1
"375643",3
"380030",1
"375125",3
"187049",6
"378708",6
"381014",4
"348557",5
"295648",3
"374599",3
"275979",3
"372127",5
"374612",3
"382178",1
"321365",6
"310024",6
"349657",3
"277750",2
"379459",6
"376228",2
"377201",6
"318180",5
"382515",5
"360868",5
"366130",6
"359523",4
"376721",3
"379258",6
"376490",3
"371563",3
"367486",5
"364016",3
"377034",2
"374448",3
"374086",5
"373748",4
"374448",3
"242174",3
"369182",1
"367826",6
"295279",5
"377434",3
"378677",4
"369939",6
"381837",3
"369412",5
"376684",5
"381078",4
"376577",3
"377572",6
"351735",3
"329763",1
"379563",3
"345831",1
"373290",5
"368955",6
"171944",3
"378419",6
"308024",3
"375582",3
"374498",4
"343371",5
"380178",1
"376274",1
"374005",6
"368285",6
"372500",5
"369158",6
"378542",3
"373049",2
"373303",4
"369136",6
"361694",6
"379041",5
"375929",1
"372297",1
"371805",3
"382789",5
"381837",6
"380555",2
"379728",6
"378710",6
"269306",6
"376603",1
"376554",3
"380484",4
"382200",1
"376954",5
"379795",3
"381491",4
"381276",3
"343322",2
"352455",6
"378621",2
"379002",2
"374005",6
"373152",3
"368646",1
"380647",5
"368565",1
"375893",3
"374423",1
"376828",5
"358798",6
"381950",4
"376535",3
"378363",6
"378650",3
"368939",6
"267174",6
"349577",1
"312335",2
"379797",6
"376894",3
"377752",2
"380515",1
"372439",2
"352367",1
"349028",5
"348644",5
"382043",5
"380390",3
"183500",3
"285308",2
"348009",5
"374810",3
"369714",5
"242604",4
"372790",2
"382264",1
"284916",6
"380626",1
"376675",6
"364238",3
"378233",4
"360857",2
"372685",5
"378689",6
"266574",6
"380703",6
"372490",6
"376266",5
"192756",2
"374987",6
"374147",5
"349527",3
"361496",4
"280589",6
"319526",6
"378903",5
"380656",5
"376962",4
"381612",4
"376451",1
"379995",4
"315909",4
"264572",6
"379351",6
"295766",2
"376387",3
"372490",6
"378465",5
"382121",5
"382902",6
"365074",4
"378939",3
"377299",1
"266542",5
"367648",6
"379875",4
"340459",6
"374844",6
"334151",6
"381532",1
"381089",2
"371781",2
"276982",6
"380607",5
"349129",1
"377792",1
"368851",4
"380549",6
"368142",5
"379386",1
"354562",1
"197941",4
"378460",1
"313911",2
"381288",1
"381181",3
"378449",1
"319530",6
"379875",4
"380897",3
"379741",6
"374162",3
"376603",5
"291589",3
"366229",6
"366356",3
"368363",6
"368796",3
"377796",1
"375284",6
"380001",3
"381270",6
"366571",2
"381658",1
"382000",5
"375614",5
"370132",2
"341681",6
"364686",4
"362419",1
"373563",6
"368122",1
"347669",1
"359896",4
"379889",6
"379889",6
"347935",6
"285250",1
"375137",1
"272463",3
"272463",3
"379931",3
"373513",3
"378611",5
"363502",3
"374267",2
"379119",4
"379483",3
"315940",1
"294911",2
"349477",6
"368253",6
"377315",1
"318197",6
"374978",3
"378466",3
"374528",3
"341444",3
"379352",4
"376882",6
"362099",3
"382787",3
"341907",3
"361160",4
"380063",3
"380835",1
"373290",5
"379095",2
"314644",5
"345812",5
"378377",3
"377332",1
"292969",3
"379027",6
"372166",4
"366536",2
"380867",4
"349418",4
"377919",4
"379331",4
"368955",6
"358769",6
"282746",3
"372640",6
"381846",4
"369219",1
"369219",1
"381540",3
"381828",4
"382445",4
"376849",4
"376453",1
"345646",4
"381705",4
"199768",3
"380015",1
"362598",5
"358947",1
"244296",2
"288228",6
"376558",2
"345917",5
"379796",3
"378613",5
"378928",2
"349129",1
"362884",6
"376900",3
"373515",5
"376646",6
"377847",5
"376115",6
"361462",6
"329901",5
"377227",3
"346229",5
"376518",6
"376518",6
"381397",3
"281524",3
"378298",1
"381139",4
"342751",3
"374555",1
"378192",5
"376382",1
"380931",1
"380703",6
"374872",2
"368008",2
"373162",5
"376610",6
"381658",1
"377968",2
"373340",2
"381986",4
"314644",5
"375138",3
"376828",1
"380730",5
"364873",4
"377443",4
"361885",6
"349725",3
"377016",1
"356742",6
"361802",1
"369952",3
"316149",6
"361740",6
"368207",6
"271954",6
"369699",1
"346793",6
"368285",6
"334260",5
"370069",6
"367538",2
"372061",4
"375766",3
"378736",3
"361927",6
"381490",3
"249126",6
"329899",5
"368008",2
"381018",4
"377858",4
"380260",6
"364233",3
"379538",5
"374967",4
"276629",2
"379015",4
"373717",5
"348137",6
"343438",4
"377643",3
"373468",6
"274124",6
"378780",6
"367606",2
"365361",3
"358801",6
"375452",3
"285539",6
"379473",5
"359516",5
"379007",3
"377293",2
"381826",5
"373560",2
"372464",6
"368413",6
"332695",4
"354637",6
"369432",1
"350897",1
"369486",5
"365318",5
"357632",4
"370132",2
"363844",1
"382905",6
"378814",2
"375204",2
"377428",6
"289636",6
"242174",4
"368385",2
"379877",6
"354562",1
"381733",6
"374842",1
"361154",4
"369952",2
"356117",5
"371783",5
"248047",2
"380940",1
"376535",3
"356078",6
"336324",6
"378677",4
"368940",3
"333882",6
"372742",4
"279778",2
"367583",3
"375568",6
"373376",6
"377807",6
"366044",6
"152738",2
"366581",6
"375711",3
"375715",1
"381921",4
"354733",3
"317152",3
"261862",6
"340691",3
"375931",1
"376363",3
"378820",2
"381694",6
"382051",3
"350148",4
"369817",5
"377222",4
"376453",1
"362877",4
"377704",3
"373858",3
"367690",2
"372397",4
"381143",6
"289126",3
"372255",2
"369171",1
"348919",6
"350811",6
"376836",3
"375128",6
"356460",5
"377038",6
"374883",1
"372811",5
"364238",3
"372439",2
"373185",1
"378613",1
"373240",1
"380970",2
"382056",4
"243586",6
"132292",6
"193109",5
"379693",6
"369948",3
"373230",1
"375033",1
"343322",2
"379901",6
"379901",6
"369058",4
"357267",6
"377572",6
"373189",5
"360639",6
"376241",1
"321554",5
"372878",1
"382387",1
"372044",5
"282206",6
"372503",1
"374596",4
"365076",6
"367610",3
"355633",1
"369115",1
"377686",1
"381803",4
"203387",4
"372486",3
"382678",3
"367233",6
"336912",5
"372029",2
"379360",4
"233549",2
"315016",3
"372545",5
"378279",1
"363144",5
"303081",1
"373515",5
"381476",1
"376493",2
"374069",1
"372578",4
"343404",5
"361265",1
"364071",2
"373610",2
"295766",2
"370069",6
"347194",4
"376309",3
"343438",4
"365106",3
"348621",5
"348229",6
"378233",1
"374520",4
"381224",2
"382705",3
"363003",6
"366932",1
"380661",4
"374955",5
"371781",2
"374014",6
"378815",2
"378277",6
"376800",6
"381181",3
"315372",3
"380385",1
"347948",3
"365486",4
"376207",2
"347293",5
"374102",1
"360355",4
"232338",2
"375566",6
"368794",3
"376966",2
"334260",5
"378748",2
"377301",1
"375440",4
"381175",5
"360592",1
"377697",2
"382414",3
"382468",6
"376274",1
"380784",6
"361265",2
"355516",6
"381541",3
"373008",3
"376972",5
"382653",3
"377340",1
"376831",4
"357584",1
"380130",5
"381861",1
"235309",6
"343957",3
"365485",1
"377038",6
"373081",6
"356822",1
"382495",4
"366229",6
"380176",3
"348635",4
"346061",1
"349516",4
"358789",6
"377930",2
"376458",3
"376668",1
"362555",2
"349725",3
"373340",2
"376831",4
"381669",4
"375561",4
"267594",2
"346093",5
"382931",3
"374134",3
"378398",3
"365598",6
"368207",6
"359964",1
"375904",2
"291160",5
"354347",1
"284916",6
"347064",5
"349789",6
"375534",4
"373942",2
"377299",1
"349565",1
"382301",4
"373563",6
"321365",6
"366213",6
"380810",3
"356355",6
"368288",3
"348009",5
"341506",1
"381350",3
"375500",6
"361726",2
"368020",3
"382463",4
"380460",4
"380671",6
"375247",2
"377729",4
"377091",3
"373989",4
"341380",5
"244296",2
"375457",4
"370099",1
"351735",3
"348611",6
"368998",4
"276085",5
"377633",4
"378627",4
"375635",2
"364642",5
"319848",1
"337177",6
"365252",3
"379825",6
"379825",6
"377416",4
"372397",1
"376378",3
"364926",2
"350274",6
"368604",2
"369221",5
"348015",3
"364971",3
"197316",2
"373167",3
"382151",6
"360858",3
"318197",6
"251630",1
"357984",2
"371752",4
"377702",1
"349425",1
"367411",4
"359896",4
"359185",1
"352276",2
"380997",3
"378240",4
"379558",4
"374991",2
"381346",4
"376038",3
"378118",4
"373899",2
"382264",2
"373958",1
"342149",6
"347576",1
"263674",2
"380583",2
"382495",4
"382495",4
"374619",4
"380498",6
"276511",5
"376487",3
"379015",6
"381405",6
"351787",4
"382029",3
"374018",3
"348560",4
"365034",4
"243640",3
"367720",5
"243200",3
"381165",2
"375565",3
"374454",6
"363094",6
"370050",2
"379378",4
"378720",5
"367200",6
"368604",2
"349028",5
"252976",5
"367725",5
"368713",6
"375432",4
"347604",3
"378720",5
"366347",4
"348398",6
"366356",5
"363155",3
"380482",3
"374387",3
"275979",3
"371850",2
"372818",1
"366050",2
"377833",5
"316149",6
"293697",1
"360858",3
"378845",5
"373152",3
"372423",2
"379869",4
"187714",2
"368940",3
"380948",4
"364541",4
"349420",3
"380191",1
"373325",6
"361283",4
"378508",1
"375033",3
"347360",4
"369194",1
"381729",6
"349789",6
"319385",3
"375611",5
"379742",1
"365486",4
"379329",5
"321102",6
"373205",4
"241003",2
"369526",5
"369432",1
"132292",6
"366044",6
"355633",1
"269889",4
"276892",3
"276892",3
"347034",4
"374528",3
"382387",1
"368026",5
"379723",1
"380613",2
"287179",1
"377212",2
"354129",5
"373518",3
"382234",5
"377293",2
"375097",3
"356742",6
"381874",4
"381279",3
"374682",1
"376356",4
"376356",4
"375682",1
"382009",6
"279155",5
"381036",1
"369991",1
"382439",2
"379371",4
"369778",3
"341380",5
"367548",6
"341900",3
"242109",2
"380931",1
"381178",4
"382727",4
"382862",6
"294924",6
"343371",5
"376981",4
"276085",5
"375675",5
"362849",6
"377034",2
"362081",6
"376566",3
"367642",1
"361653",2
"233549",2
"376905",1
"377639",5
"376544",1
"374328",5
"347946",3
"358190",4
"382728",3
"377620",6
"382778",3
"348910",4
"285120",6
"381006",5
"241003",2
"377693",1
"382935",3
"365733",5
"378742",5
"375690",3
"376717",2
"348462",3
"380729",4
"378034",2
"349030",1
"381600",6
"381994",3
"381343",6
"357840",6
"381041",1
"381883",3
"375186",2
"376652",1
"382348",3
"374708",3
"350274",6
"377576",3
"369443",2
"378437",1
"375339",3
"357845",6
"361048",3
"372486",3
"369196",5
"321674",6
"379976",5
"376254",1
"349477",6
"255500",4
"380825",4
"381040",3
"382192",3
"315419",3
"348420",6
"374138",6
"373641",2
"349527",5
"367741",6
"378703",2
"363502",3
"378766",2
"382791",3
"373531",5
"376846",1
"379486",1
"362424",5
"366783",2
"375901",2
"289695",5
"375716",3
"379244",3
"376875",2
"182479",4
"378458",5
"274131",2
"375615",5
"380682",5
"379739",5
"374454",6
"378188",1
"377949",5
"377847",5
"379002",2
"368980",4
"374532",6
"237921",3
"381099",6
"348006",5
"355382",3
"381804",4
"369114",6
"377797",1
"381735",4
"372262",2
"343752",4
"285364",6
"379334",3
"377274",3
"349254",4
"377304",1
"339479",6
"354675",6
"381207",6
"368406",1
"369202",4
"376836",3
"369805",2
"382776",3
"371811",1
"379658",2
"359516",5
"375610",3
"381950",4
"303081",1
"380649",4
"373214",6
"369493",5
"381193",4
"376983",5
"367521",3
"347197",6
"374875",4
"380052",1
"381373",6
"382440",6
"382344",4
"378350",1
"382481",5
"362156",3
"374422",5
"373717",5
"358408",5
"382768",3
"354234",2
"301855",1
"382468",6
"377098",1
"357267",6
"348015",5
"381405",6
"375105",5
"372255",2
"377576",1
"365909",5
"354371",1
"365689",4
"374888",1
"376588",1
"352793",2
"375802",3
"239048",4
"376241",1
"374905",6
"348141",3
"362884",6
"379730",2
"349728",3
"381445",4
"377361",3
"363814",3
"382733",3
"380138",6
"379760",1
"373930",6
"378770",6
"377936",2
"319927",6
"359964",1
"369324",1
"325016",6
"354439",6
"375304",4
"381986",4
"377254",5
"277776",6
"279709",6
"381189",6
"378678",6
"375062",6
"367181",6
"374981",4
"375127",3
"365876",3
"373748",4
"380071",6
"377769",3
"348679",1
"381507",5
"278130",1
"381202",1
"349618",6
"381372",6
"315503",2
"300114",6
"350283",4
"340531",5
"382662",3
"285584",6
"375455",5
"291665",6
"369182",1
"374023",5
"382769",3
"379669",3
"377054",4
"151937",5
"382049",4
"336090",1
"240125",1
"374062",6
"373278",2
"361138",2
"374972",6
"377304",1
"348355",1
"377340",1
"240125",1
"382787",3
"367872",3
"374717",5
"373295",4
"381914",1
"381848",5
"375284",6
"319927",6
"376846",1
"348903",6
"375203",1
"365074",1
"380653",1
"379483",3
"374019",3
"382348",3
"373008",3
"381831",5
"375612",5
"381707",2
"347833",1
"348500",6
"360530",6
"378815",2
"360260",6
"357592",5
"375759",3
"285584",6
"376554",3
"277776",6
"321264",6
"376600",5
"381491",4
"278728",2
"373756",1
"331231",6
"378466",3
"355730",3
"376943",4
"379890",6
"347306",3
"349806",5
"376494",3
"336286",4
"367233",6
"377401",5
"268880",4
"381151",1
"242091",4
"376943",4
"373602",3
"381731",6
"367185",3
"381018",4
"379093",4
"369120",1
"335500",3
"347284",5
"382501",3
"263674",2
"378240",4
"367584",2
"373081",6
"379244",3
"379563",3
"366445",6
"239052",3
"381294",3
"312301",4
"347495",6
"381653",3
"368662",3
"172053",5
"375894",3
"369778",3
"369525",5
"375729",2
"377702",1
"382367",6
"318180",5
"365676",1
"373049",2
"373354",6
"379486",1
"378449",1
"374494",4
"291742",3
"287484",5
"348868",1
"266372",1
"363983",2
"347224",3
"380729",4
"380610",3
"357636",5
"378690",3
"357652",5
"380708",5
"379970",1
"264440",6
"373303",4
"367497",3
"272598",4
"374611",2
"374986",4
"378340",1
"357840",6
"379669",3
"347669",1
"376675",6
"306067",6
"348390",6
"378508",1
"378561",3
"368668",5
"373737",6
"340770",6
"381731",6
"378190",1
"381979",5
"348707",5
"373930",3
"361464",5
"381242",1
"273270",1
"382515",5
"306957",5
"363144",5
"380862",1
"379554",3
"380784",6
"368692",3
"381526",3
"378188",1
"349011",3
"368779",3
"382653",3
"374707",2
"289990",6
"381274",3
"340435",4
"285563",6
"348000",5
"362942",6
"378345",5
"369324",1
"375297",4
"316133",6
"372746",6
"373860",6
"226045",4
"382856",5
"376173",2
"382028",1
"380260",6
"296006",5
"375125",3
"378289",1
"378595",4
"375980",1
"309321",6
"367259",4
"372195",1
"372685",5
"310175",5
"377940",2
"364933",1
"373336",6
"377643",3
"378678",3
"378465",5
"373958",1
"333885",6
"373737",6
"376981",4
"361598",6
"363564",3
"348000",5
"373619",3
"376690",2
"375247",2
"374710",2
"375535",1
"151131",3
"374612",2
"377704",3
"372296",1
"379634",5
"373516",6
"373468",6
"365318",5
"364686",4
"356840",1
"341281",1
"374974",4
"377413",4
"373823",3
"343462",1
"380176",3
"357584",1
"374359",1
"374359",1
"302670",6
"361283",4
"183112",2
"376119",4
"376550",5
"375675",5
"373075",1
"375575",1
"301855",1
"382700",3
"356478",4
"369991",1
"365340",5
"351449",3
"367724",1
"379942",4
"368460",3
"380244",3
"380619",4
"371609",4
"379890",6
"377332",3
"375249",1
"356352",6
"378607",2
"170989",3
"369825",3
"360454",4
"372423",2
"382634",1
"374138",6
"307249",3
"380479",4
"381532",1
"346006",4
"375128",6
"377370",4
"373162",5
"375894",3
"374789",6
"378936",1
"382154",4
"381908",5
"380583",2
"379312",3
"368784",1
"373073",6
"319997",6
"366932",3
"370128",2
"364883",5
"357001",5
"315909",4
"280574",6
"382445",4
"295279",4
"379027",6
"372690",4
"380975",3
"358130",1
"367583",3
"366347",4
"382035",1
"377597",3
"375297",4
"375097",3
"374798",5
"276840",6
"381406",3
"365485",1
"382931",3
"355372",6
"356682",4
"374413",5
"376442",5
"372395",4
"350811",6
"360627",3
"381951",2
"376997",3
"347444",4
"350318",5
"381025",1
"276007",4
"276007",4
"379693",6
"185056",4
"229124",1
"347111",6
"379001",5
"378467",5
"378151",1
"381600",6
"329960",6
"348557",5
"316499",6
"316499",1
"382586",3
"361496",4
"379892",6
"356478",4
"367785",2
"378748",2
"374949",2
"356797",1
"372640",6
"382504",6
"381824",5
"372996",6
"375759",3
"374599",5
"343413",1
"289818",3
"375994",4
"374697",1
"356491",5
"377671",6
"379544",3
"243640",3
"378992",2
"374721",3
"329641",6
"371590",2
"348355",1
"365172",1
"375980",1
"361464",5
"376309",3
"374883",1
"276678",6
"377422",5
"345831",1
"369543",1
"374069",6
"307215",2
"379093",4
"367722",5
"382770",3
"376063",1
"372051",3
"379585",2
"87990",1
"368909",3
"368413",6
"364002",3
"373353",2
"374721",3
"382027",3
"210312",5
"368244",3
"379315",2
"373549",2
"376446",1
"354637",6
"311165",1
"347653",5
"333885",6
"379634",5
"347948",3
"379592",2
"375535",3
"373899",2
"381228",4
"380825",4
"378992",2
"342414",5
"293033",1
"382407",4
"352202",2
"197355",6
"373858",3
"340693",3
"382344",4
"368998",4
"379463",4
"377195",3
"374527",3
"336912",5
"346994",4
"355715",2
"356352",6
"376091",6
"378770",6
"371805",3
"291665",6
"288227",6
"338702",6
"381763",5
"359191",3
"381724",5
"279697",2
"374244",5
"382167",1
"379283",4
"374897",5
"378155",1
"381271",6
"278063",2
"377502",1
"243419",2
"290238",6
"380151",2
"374216",6
"272406",6
"378627",4
"285409",6
"375363",4
"369120",1
"333268",4
"382846",4
"373568",3
"288228",6
"378326",6
"341681",6
"374873",2
"313071",6
"377824",6
"375795",1
"379592",2
"375271",3
"375525",4
"373531",5
"362165",3
"373381",6
"375904",2
"381242",1
"378140",1
"376623",6
"367724",1
"347194",4
"381099",6
"379974",5
"379505",6
"308043",1
"237921",3
"192723",5
"380138",6
"374437",1
"361154",4
"362979",5
"374216",6
"378758",2
"374009",4
"374555",6
"348390",6
"374445",3
"379115",6
"379321",1
"381162",1
"380661",4
"374400",2
"374843",4
"319526",6
"381346",4
"378749",4
"374792",2
"377301",1
"378811",3
"379007",3
"376875",2
"376954",5
"374370",5
"382770",3
"381626",1
"377949",5
"379256",2
"373079",6
"381526",3
"372094",4
"372094",4
"375421",5
"373073",6
"382601",5
"381225",5
"378947",1
"371747",1
"381315",1
"367512",3
"347578",1
"382026",3
"312210",2
"376451",1
"267174",5
"374697",1
"329962",5
"286937",1
"378459",4
"380819",6
"382239",3
"316748",4
"379360",4
"379254",4
"363844",1
"382741",6
"381036",1
"378778",3
"277264",2
"363504",3
"376882",6
"356636",4
"359970",1
"375109",6
"382694",1
"373833",3
"272828",3
"372044",5
"364233",3
"362081",6
"347224",3
"282254",3
"309977",3
"335128",4
"357402",5
"347591",1
"349618",6
"373518",3
"279778",2
"274124",6
"379741",6
"376518",6
"381684",4
"371655",5
"372296",1
"381006",5
"381006",5
"160910",3
"360592",1
"285120",6
"379509",2
"381143",6
"374966",4
"374437",1
"378780",6
"296627",3
"375643",3
"378407",1
"381373",6
"377921",5
"356822",1
"369714",5
"352793",2
"375715",1
"377098",1
"379883",6
"380867",4
"361726",2
"310515",4
"369524",5
"175362",3
"377254",5
"342149",6
"366045",4
"381861",1
"369052",3
"367813",5
"344376",3
"363814",3
"381175",5
"381527",3
"376588",1
"374967",4
"379538",4
"366213",6
"374676",5
"380190",5
"354371",1
"376646",6
"334296",5
"371788",3
"356472",6
"368784",3
"371761",3
"361720",5
"377184",3
"277264",2
"381585",3
"381585",3
"381883",3
"359970",1
"381372",6
"181479",1
"377190",5
"230490",2
"376848",3
"366130",6
"374532",6
"377904",2
"300177",6
"369972",4
"369040",5
"375285",3
"378710",3
"360857",2
"375285",3
"352087",4
"272382",6
"378278",6
"252119",6
"276736",6
"376563",6
"375188",6
"374400",2
"277533",6
"358783",6
"369554",3
"369916",2
"374520",1
"291770",6
"345917",5
"378055",3
"375676",1
"243816",5
"377667",4
"377370",4
"364404",3
"278063",2
"372051",1
"375705",5
"379544",3
"361598",6
"380983",5
"336035",5
"381342",4
"347950",4
"287393",5
"382678",3
"375566",6
"354347",1
"382274",4
"377686",1
"378052",6
"274131",2
"372071",1
"234921",2
"377201",6
"378140",1
"378296",3
"351824",3
"373860",6
"381343",6
"363772",5
"359967",2
"369125",6
"376355",3
"338702",6
"365252",3
"309321",5
"374972",4
"375681",1
"264572",6
"187714",2
"355813",4
"377222",4
"373121",6
"368244",1
"382189",3
"376640",6
"361715",5
"274055",6
"382504",6
"366259",3
"379371",4
"375613",5
"357431",6
"381397",3
"317673",6
"374261",4
"381092",3
"374715",2
"365172",1
"376365",3
"376023",1
"364883",5
"374197",5
"376379",3
"368363",6
"379974",5
"369599",5
"381914",1
"360889",2
"368411",6
"348644",5
"382281",3
"359642",4
"374369",1
"340903",3
"361802",1
"379883",6
"377401",5
"379461",4
"381274",6
"381620",5
"374457",3
"375929",1
"261127",6
"374009",4
"375541",6
"376641",4
"372887",3
"367642",1
"349418",4
"349573",1
"379760",5
"371837",3
"376239",3
"375186",2
"321674",6
"378363",6
"376378",3
"379825",6
"349683",6
"374880",2
"285308",2
"376870",1
"374865",2
"359667",2
"378501",3
"376352",2
"359963",3
"348092",6
"376596",1
"378451",3
"379149",3
"376347",2
"375184",2
"370107",5
"268037",6
"309097",3
"377936",2
"376668",1
"378003",4
"378818",6
"374896",4
"377752",2
"341281",5
"254599",6
"380166",5
"378701",3
"381678",4
"377290",3
"382842",6
"378460",1
"377396",2
"371752",4
"376458",3
"348422",5
"372601",2
"365340",3
"378749",4
"347814",1
"368460",3
"349681",6
"378345",5
"380990",5
"366818",6
"355186",2
"367606",2
"350897",1
"170989",3
"372962",2
"374966",4
"375953",3
"357652",5
"367610",3
"192756",2
"377639",5
"294924",6
"368794",3
"360530",6
"221045",2
"377817",3
"381995",3
"378820",2
"381824",5
"375893",3
"374986",4
"381148",4
"195805",3
"374804",4
"367722",5
"230490",2
"373111",4
"382786",3
"375204",2
"292093",5
"373295",4
"365470",1
"372912",3
"313904",4
"329641",6
"382818",3
"360467",5
"374177",3
"373230",4
"375950",1
"349565",1
"376446",1
"368639",1
"369527",4
"368720",3
"282865",3
"321255",3
"380656",5
"366759",1
"363003",6
"369221",5
"380025",3
"184328",2
"239551",2
"351539",6
"379351",6
"375463",2
"375611",5
"379554",3
"369877",3
"377439",2
"373923",5
"376325",3
"382662",3
"358769",6
"379473",5
"377950",1
"375610",3
"372823",6
"374019",3
"368646",1
"350048",2
"374579",3
"254594",6
"318378",6
"382791",3
"381025",1
"368122",1
"378052",6
"277750",2
"372266",6
"359185",1
"376442",3
"367648",6
"373240",1
"375148",4
"379096",2
"334495",2
"334158",3
"381846",6
"382756",4
"376207",2
"377244",3
"376620",3
"378903",5
"365598",6
"374781",4
"382524",1
"234921",2
"378296",3
"349806",5
"377667",4
"372838",5
"382274",4
"380151",2
"349508",1
"343957",3
"351449",3
"366259",3
"372912",3
"377920",2
"306067",6
"261862",6
"379461",4
"376620",3
"374147",5
"362558",5
"376600",3
"375440",4
"343779",6
"381315",1
"242877",3
"242877",3
"360454",4
"351787",4
"375432",4
"358408",1
"374348",6
"365567",6
"289990",3
"360484",5
"356636",6
"375188",6
"376847",6
"375901",2
"369739",3
"379976",5
"365076",6
"379096",2
"367538",3
"381763",5
"360614",1
"362557",6
"382036",5
"381196",3
"372025",5
"347950",4
"375332",5
"356713",6
"379816",1
"380669",4
"378501",3
"377912",2
"329899",5
"376228",2
"381997",6
"378437",5
"355745",3
"376347",2
"382049",4
"374046",3
"369058",1
"379886",3
"381437",4
"381437",4
"364071",2
"378658",6
"362877",3
"368909",4
"377797",1
"378689",6
"345691",4
"375615",5
"382184",1
"363820",3
"374903",6
"379497",3
"378404",2
"375892",5
"367813",5
"378393",6
"367411",4
"382625",4
"235309",6
"372464",6
"357632",4
"378650",3
"380166",5
"369277",2
"361229",2
"382056",4
"367872",3
"381162",3
"374369",1
"373941",3
"368322",3
"378745",2
"376641",4
"381460",3
"379750",4
"380997",3
"381228",4
"378813",1
"378350",1
"379795",3
"377256",1
"365912",6
"368020",3
"374498",4
"374046",1
"339414",5
"374248",1
"381874",4
"282206",6
"377212",2
"318378",6
"377724",1
"343755",3
"379019",6
"373343",1
"248047",2
"348271",3
"364002",3
"340472",5
"382756",4
"378514",3
"372266",6
"373079",4
"377671",6
"382885",3
"138531",6
"372166",6
"381218",2
"379877",6
"280574",6
"381733",6
"379386",1
"368979",6
"382443",3
"377428",6
"376457",6
"339508",1
"312771",6
"272828",3
"370107",5
"376556",5
"371655",5
"246892",3
"376974",5
"374682",1
"373376",4
"373709",6
"381647",4
"362099",3
"373180",6
"382785",1
"376690",2
"365034",4
"366045",4
"369135",3
"374020",4
"381645",3
"382586",3
"382586",3
"368542",6
"377718",3
"378520",6
"137433",3
"363564",3
"367009",6
"376658",4
"382601",5
"381591",1
"380596",1
"373084",6
"356355",6
"337088",6
"378155",1
"375184",2
"380602",4
"368026",1
"350148",2
"360260",1
"356472",6
"367741",6
"151937",5
"362794",3
"379889",6
"375994",4
"381632",5
"301758",6
"377396",2
"374025",2
"376623",6
"381208",3
"367009",6
"378512",2
"381196",3
"357222",3
"381324",1
"375847",4
"369171",3
"368668",5
"378928",2
"348679",3
"377858",4
"382112",3
"360586",1
"381289",1
"250368",3
"346994",4
"294911",2
"284447",6
"284447",6
"363504",3
"379605",6
"381276",3
"380555",4
"379551",4
"379832",1
"369972",4
"382508",3
"343319",5
"378393",4
"381464",5
"351496",5
"347935",6
"368720",3
"381785",6
"336324",6
"374025",2
"348589",6
"363155",3
"381282",6
"381033",1
"339880",5
"339479",6
"376439",3
"376870",1
"374413",5
"380810",3
"285364",6
"378514",3
"378907",4
"362419",1
"359523",4
"372029",2
"379816",1
"378725",5
"381033",1
"359999",2
"381090",3
"364437",1
"364926",2
"313911",2
"374903",6
"381705",4
"239204",5
"171040",3
"375525",4
"377190",5
"347034",4
"333268",4
"382000",1
"373075",1
"362120",5
"276736",6
"382029",3
"376211",5
"377833",5
"344376",3
"291770",6
"379329",1
"377665",1
"379001",5
"361257",1
"348420",6
"368547",4
"381193",6
"371648",5
"369788",2
"378190",1
"374875",1
"350048",2
"349577",1
"362557",6
"299080",6
"381370",3
"368542",3
"343319",5
"372790",2
"380367",3
"287393",5
"381867",1
"381906",1
"356117",5
"373200",1
"362979",1
"374609",2
"380190",6
"355490",2
"368939",6
"379686",6
"306957",5
"369052",6
"374370",5
"349030",1
"334151",6
"377830",5
"276678",6
"377091",3
"381831",1
"355490",2
"282117",4
"282117",4
"379892",6
"379892",6
"367437",3
"382675",3
"378963",4
"381279",3
"375271",3
"378376",1
"380549",6
"381653",3
"376091",6
"378725",5
"382818",3
"348141",3
"374897",5
"381282",5
"266542",5
"348589",6
"382776",3
"376965",6
"375565",5
"315727",1
"375595",6
"376900",3
"290238",6
"378085",6
"365912",6
"380970",6
"371783",5
"379787",3
"376914",4
"348258",6
"368713",6
"315727",1
"284936",6
"341975",5
"375256",2
"269306",6
"372071",5
"371648",3
"373350",2
"321255",3
"382027",3
"291160",5
"329901",5
"277533",6
"380632",6
"375105",5
"334296",5
"380071",6
"381089",2
"379613",6
"351539",6
"264440",6
"342751",3
"346985",1
"374905",1
"371561",5
"367653",2
"369278",4
"379259",6
"381626",1
"381626",1
"374742",1
"310175",5
"382846",4
"380956",3
"319848",6
"375290",5
"380986",1
"375463",2
"374594",3
"367181",6
"356703",1
"377195",1
"381848",5
"378778",3
"378646",5
"375613",5
"312771",6
"375930",1
"283097",1
"357001",5
"378407",5
"359999",2
"365456",3
"358190",4
"350290",3
"373205",4
"375304",4
"348351",3
"378669",6
"373260",3
"376596",1
"367725",5
"380862",1
"380139",2
"271954",6
"381090",3
"372734",2
"377315",1
"381092",3
"376849",4
"367046",6
"361138",2
"289695",5
"374594",3
"373823",1
"380646",2
"369125",6
"374014",6
"378298",1
"379757",4
"376663",5
"349683",6
"355745",3
"378151",1
"369412",5
"378902",2
"376490",3
"379419",4
"372818",1
"375503",3
"348738",5
"373617",4
"377921",5
"381591",1
"378419",6
"376800",6
"333882",6
"341498",3
"345646",4
"289126",3
"378736",3
"368411",6
"349508",1
"372061",4
"321264",6
"374984",1
"380007",6
"368565",1
"372503",1
"319997",6
"382625",4
"379352",4
"356074",6
"365004",6
"364541",4
"365567",5
"381708",4
"378607",2
"279709",6
"349622",5
"381490",3
"376088",2
"333966",4
"374261",4
"381691",3
"343413",1
"377184",3
"381661",2
"375716",3
"381178",4
"375137",1
"232338",2
"381570",3
"300177",6
"277372",6
"374650",4
"347495",6
"375024",3
"377416",4
"369136",6
"369527",4
"379311",4
"371575",5
"372196",3
"230974",4
"365470",1
"376260",1
"375568",6
"346246",6
"382035",1
"376279",3
"375452",3
"376640",6
"380725",3
"315978",6
"382842",6
"268905",4
"296006",5
"312301",1
"376663",4
"381585",3
"382481",5
"376450",1
"376365",3
"359642",4
"239551",2
"364093",5
"358789",6
"382043",5
"369943",4
"369943",4
"335500",3
"378682",3
"358946",4
"358946",4
"284494",2
"374707",2
"382030",3
"248031",2
"378340",1
"375024",3
"373989",4
"378502",3
"373167",3
"381224",2
"375931",1
"376965",6
"278855",2
"380052",3
"364016",3
"374197",5
"356978",3
"379095",2
"381437",4
"280589",3
"376352",2
"381189",6
"375421",5
"347576",1
"374892",3
"375203",5
"376222",5
"382164",6
"355332",3
"348092",6
"379886",3
"380613",2
"284494",2
"235793",3
"348738",4
"348925",1
"375187",3
"308858",6
"375249",1
"367497",3
"243816",2
"380794",2
"340459",6
"349622",5
"375503",5
"375210",2
"376170",3
"348258",6
"359133",1
"373942",2
"378561",3
"368288",6
"382786",3
"377309",6
"382727",4
"376196",3
"344487",5
"318276",4
"369877",3
"369098",1
"357222",3
"379509",2
"379722",5
"379149",3
"378701",3
"382234",5
"374807",1
"372605",3
"341498",5
"357636",5
"381165",2
"379832",1
"381951",2
"382189",1
"374011",1
"368142",5
"376619",1
"331231",6
"376980",5
"380880",3
"228550",4
"266372",1
"348635",3
"378289",1
"377256",3
"367644",2
"378277",6
"334495",5
"286937",1
"372262",2
"379119",4
"359191",3
"349621",3
"381849",4
"381707",2
"348398",6
"376972",5
"369114",6
"197941",4
"377824",1
"378451",3
"381804",1
"374991",2
"375953",3
"380646",2
"375187",3
"177048",2
"382532",1
"382532",1
"380898",5
"378745",2
"365018",6
"372127",5
"279697",2
"377227",3
"358981",4
"373180",4
"369599",5
"374708",3
"379315",2
"312210",2
"377274",1
"374162",1
"348137",6
"381370",3
"374954",3
"376266",5
"378716",4
"365909",5
"377832",4
"380835",1
"367486",5
"316748",4
"315016",3
"278728",2
"209609",3
"377807",6
"284794",6
"362849",6
"373350",2
"377104",2
"379757",4
"339508",4
"229837",5
"339414",5
"373756",1
"373629",2
"379505",6
"374865",2
"367584",2
"380244",3
"362942",6
"362425",1
"376088",2
"377633",4
"369098",1
"349657",3
"372645",6
"373325",6
"374804",4
"375766",3
"375141",1
"369331",2
"348229",6
"366571",2
"375847",4
"372996",6
"380647",5
"381081",3
"302670",6
"375614",5
"349728",3
"372677",4
"378947",3
"355642",3
"285563",6
"376548",3
"364933",1
"356460",5
"378811",1
"377054",4
"379885",1
"228550",4
"347064",5
"378288",6
"363130",4
"319959",3
